zone_id,parent_zone_id,name,centroid_x,centroid_y,population_proxy,jobs_proxy,poi_count,zone_type,area_share
0,0,NIR1 refined SPb zone 0 / parent 0,0.0,14.581589573481585,413.18679948476625,2.000732142493243,2,mixed,0.5001830356233108
1,0,NIR1 refined SPb zone 1 / parent 0,0.03120761001521896,15.277146620267072,412.8843985714957,1.9992678575067573,2,mixed,0.4998169643766893
100,1,NIR1 refined SPb zone 100 / parent 1,0.07482740304099571,15.972372070251732,192.61145907725597,0.500183400433833,1,mixed,0.500183400433833
101,1,NIR1 refined SPb zone 101 / parent 1,0.1060697036843485,16.66793204774824,192.47021078662766,0.4998165995661671,1,mixed,0.4998165995661671
200,2,NIR1 refined SPb zone 200 / parent 2,0.5460006439494464,11.762929400126682,0.0,0.5001824049591231,1,inactive_or_water,0.5001824049591231
201,2,NIR1 refined SPb zone 201 / parent 2,0.5767001172189484,12.45849467505957,0.0,0.49981759504087686,1,inactive_or_water,0.49981759504087686
300,3,NIR1 refined SPb zone 300 / parent 3,0.6196986276523967,13.15373639664892,0.0,0.5001827676838333,1,inactive_or_water,0.5001827676838333
301,3,NIR1 refined SPb zone 301 / parent 3,0.6504323524012289,13.849304676197702,0.0,0.49981723231616665,1,inactive_or_water,0.49981723231616665
400,4,NIR1 refined SPb zone 400 / parent 4,0.6934339628036541,14.544550062309717,102.26124789131315,1.000366263188561,1,mixed,0.5001831315942805
401,4,NIR1 refined SPb zone 401 / parent 4,0.7242019152335124,15.240121342493222,102.18636625626175,0.9996337368114389,1,mixed,0.49981686840571943
500,5,NIR1 refined SPb zone 500 / parent 5,0.7672065933103731,15.93537039043801,598.8439405355413,8.002935947141465,8,mixed,0.5001834966963415
501,5,NIR1 refined SPb zone 501 / parent 5,0.7980087494822073,16.630944667269475,598.4045582470884,7.997064052858535,8,mixed,0.49981650330365845
600,6,NIR1 refined SPb zone 600 / parent 6,1.168953808506849,10.335504175050184,0.0,0.5001821384917909,1,inactive_or_water,0.5001821384917909
601,6,NIR1 refined SPb zone 601 / parent 6,1.1991808127713302,11.031080276390771,0.0,0.4998178615082091,1,inactive_or_water,0.4998178615082091
700,7,NIR1 refined SPb zone 700 / parent 7,1.2415612239404,11.726341453230473,0.0,0.5001825003293523,1,inactive_or_water,0.5001825003293523
701,7,NIR1 refined SPb zone 701 / parent 7,1.2718220153538422,12.421920628278516,0.0,0.49981749967064765,1,inactive_or_water,0.49981749967064765
800,8,NIR1 refined SPb zone 800 / parent 8,1.314205517881448,13.117185518617276,0.0,0.5001828633464583,1,inactive_or_water,0.5001828633464583
801,8,NIR1 refined SPb zone 801 / parent 8,1.3445000731257024,13.812767763361334,0.0,0.4998171366535417,1,inactive_or_water,0.4998171366535417
900,9,NIR1 refined SPb zone 900 / parent 9,1.3868866350690952,14.508036364450586,0.0,0.5001832275488358,1,inactive_or_water,0.5001832275488358
901,9,NIR1 refined SPb zone 901 / parent 9,1.4172149306872888,15.203621674871306,0.0,0.49981677245116424,1,inactive_or_water,0.49981677245116424
1000,10,NIR1 refined SPb zone 1000 / parent 10,1.4596045202123642,15.898893983946648,475.6758591220361,2.500917964713664,3,mixed,0.5001835929427327
1001,10,NIR1 refined SPb zone 1001 / parent 10,1.4899665326089016,16.59448235601885,475.32666441835,2.499082035286336,2,mixed,0.4998164070572672
1100,11,NIR1 refined SPb zone 1100 / parent 11,1.7940680294995837,8.908539883831283,143.56600586311933,0.5001818725968886,1,mixed,0.5001818725968886
1101,11,NIR1 refined SPb zone 1101 / parent 11,1.8238235189653205,9.604126477929531,143.46160095065946,0.4998181274031114,1,mixed,0.4998181274031114
1200,12,NIR1 refined SPb zone 1200 / parent 12,1.8655859079803923,10.299406680501532,0.0,0.5001822335534656,1,inactive_or_water,0.5001822335534656
1201,12,NIR1 refined SPb zone 1201 / parent 12,1.8953747193729795,10.994996416533134,0.0,0.4998177664465344,1,inactive_or_water,0.4998177664465344
1300,13,NIR1 refined SPb zone 1300 / parent 13,1.9371401901573846,11.690280381056713,0.0,0.5001825956836441,1,inactive_or_water,0.5001825956836441
1301,13,NIR1 refined SPb zone 1301 / parent 13,1.9669623006348556,12.38587325497903,0.0,0.49981740431635585,1,inactive_or_water,0.49981740431635585
1400,14,NIR1 refined SPb zone 1400 / parent 14,2.0087308216010715,13.08116097864369,0.0,0.5001829589929839,1,inactive_or_water,0.5001829589929839
1401,14,NIR1 refined SPb zone 1401 / parent 14,2.0385862081846424,13.776756986408262,0.0,0.499817041007016,1,inactive_or_water,0.499817041007016
1500,15,NIR1 refined SPb zone 1500 / parent 15,2.0803577478519144,14.472048466390232,0.0,0.5001833234873027,1,inactive_or_water,0.5001833234873027
1501,15,NIR1 refined SPb zone 1501 / parent 15,2.110246387426203,15.167647603940452,0.0,0.49981667651269734,1,inactive_or_water,0.49981667651269734
1600,16,NIR1 refined SPb zone 1600 / parent 16,2.15202091442066,15.862942837402457,240.6197475674442,1.0003673783453322,1,mixed,0.5001836891726661
1601,16,NIR1 refined SPb zone 1601 / parent 16,2.181942783733568,16.5585451006745,240.4430155255382,0.9996326216546678,1,mixed,0.4998163108273339
1700,17,NIR1 refined SPb zone 1700 / parent 17,2.2237202667881357,17.2538440847632,6138.383237778045,0.5001840560551045,1,residential,0.5001840560551045
1701,17,NIR1 refined SPb zone 1701 / parent 17,2.253675342451039,17.94944946968765,6133.865674333998,0.49981594394489554,1,residential,0.49981594394489554
1800,18,NIR1 refined SPb zone 1800 / parent 18,2.4213414202681016,7.482038449615706,1116.9756901759542,3.0010896436090317,3,mixed,0.500181607268172
1801,18,NIR1 refined SPb zone 1801 / parent 18,2.4506263505051904,8.177635205575731,1116.1645811677074,2.9989103563909687,3,mixed,0.4998183927318281
1900,19,NIR1 refined SPb zone 1900 / parent 19,2.4917707958591198,8.872934006230206,36.041950098047046,2.500909836752766,3,mixed,0.5001819673505532
1901,19,NIR1 refined SPb zone 1901 / parent 19,2.521088581916585,9.568533971480326,36.01572580930328,2.4990901632472338,2,mixed,0.49981803264944674
2000,20,NIR1 refined SPb zone 2000 / parent 20,2.5622360984693513,10.263836582005723,7.50804964713955,2.000729314400844,2,mixed,0.500182328600211
2001,20,NIR1 refined SPb zone 2001 / parent 20,2.5915867179772323,10.959439752475358,7.50257591444568,1.999270685599156,2,mixed,0.499817671399789
2100,21,NIR1 refined SPb zone 2100 / parent 21,2.6327372744996973,11.65474617000483,0.076165656497202,0.5001826910225775,1,inactive_or_water,0.5001826910225775
2101,21,NIR1 refined SPb zone 2101 / parent 21,2.662120704953355,12.350352541613859,0.07611001769993649,0.49981730897742244,1,inactive_or_water,0.49981730897742244
2200,22,NIR1 refined SPb zone 2200 / parent 22,2.7032742703214754,13.04566276326566,0.0,0.5001830546242296,1,inactive_or_water,0.5001830546242296
2201,22,NIR1 refined SPb zone 2201 / parent 22,2.732690489081535,13.741272331928135,0.0,0.4998169453757704,1,inactive_or_water,0.4998169453757704
2300,23,NIR1 refined SPb zone 2300 / parent 23,2.7738470322767097,14.436586354805621,0.0,0.5001834194101591,1,inactive_or_water,0.5001834194101591
2301,23,NIR1 refined SPb zone 2301 / parent 23,2.803296016569162,15.13219911642815,0.0,0.49981658058984085,1,inactive_or_water,0.49981658058984085
2400,24,NIR1 refined SPb zone 2400 / parent 24,2.8444555066778268,15.827516937620473,820.5193171150513,7.502756780807483,8,mixed,0.5001837853871656
2401,24,NIR1 refined SPb zone 2401 / parent 24,2.873937233593999,16.523132888102673,819.9163409099906,7.497243219192517,7,mixed,0.49981621461283443
2500,25,NIR1 refined SPb zone 2500 / parent 25,2.9150996398079734,17.218454504683148,1620.9806165881362,0.5001841525608911,1,mixed,0.5001841525608911
2501,25,NIR1 refined SPb zone 2501 / parent 25,2.9446140863045582,17.91407363991742,1619.7870252671353,0.499815847439109,1,mixed,0.499815847439109
2600,26,NIR1 refined SPb zone 2600 / parent 26,3.05077209117623,6.056001786015462,48.30672043984585,0.5001813424995624,1,mixed,0.5001813424995624
2601,26,NIR1 refined SPb zone 2601 / parent 26,3.0795874191053882,6.751608375699957,48.2716928980889,0.4998186575004375,1,mixed,0.4998186575004375
2700,27,NIR1 refined SPb zone 2700 / parent 27,3.120114000671121,7.446925348658115,2082.5612044141135,6.502362122279093,7,mixed,0.5001817017137764
2701,27,NIR1 refined SPb zone 2701 / parent 27,3.148961717437007,8.142535214118892,2081.0481345093576,6.497637877720907,6,mixed,0.4998182982862236
2800,28,NIR1 refined SPb zone 2800 / parent 28,3.1894913586470355,8.837856044335757,135.08966112829495,1.5005461862680693,2,mixed,0.5001820620893564
2801,28,NIR1 refined SPb zone 2801 / parent 28,3.2183714423478085,9.533469181471737,134.99131811354252,1.4994538137319304,1,mixed,0.4998179379106435
2900,29,NIR1 refined SPb zone 2900 / parent 29,3.2589041123346396,10.228793866022258,2240.6624779009862,30.5111278415259,31,mixed,0.5001824236315722
2901,29,NIR1 refined SPb zone 2901 / parent 29,3.28781654093563,10.924410270726774,2239.0280750630036,30.4888721584741,30,mixed,0.49981757636842783
3000,30,NIR1 refined SPb zone 3000 / parent 30,3.3283522089353648,11.619738806672162,0.0,0.5001827863468853,1,inactive_or_water,0.5001827863468853
3001,30,NIR1 refined SPb zone 3001 / parent 30,3.3572969602691445,12.315358474829933,0.0,0.49981721365311466,1,inactive_or_water,0.49981721365311466
3100,31,NIR1 refined SPb zone 3100 / parent 31,3.3978355956216255,13.010690859216265,0.0,0.500183150240067,1,inactive_or_water,0.500183150240067
3101,31,NIR1 refined SPb zone 3101 / parent 31,3.426812647388229,13.706313786704559,0.0,0.4998168497599331,1,inactive_or_water,0.4998168497599331
3200,32,NIR1 refined SPb zone 3200 / parent 32,3.467354219536559,14.401650016565341,0.0,0.5001835153183073,1,inactive_or_water,0.5001835153183073
3201,32,NIR1 refined SPb zone 3201 / parent 32,3.4963635493032634,15.09727619925444,0.0,0.49981648468169265,1,inactive_or_water,0.49981648468169265
3300,33,NIR1 refined SPb zone 3300 / parent 33,3.5369080277946923,15.792616271605016,6347.644883561476,84.0308921065327,84,mixed,0.5001838815865042
3301,33,NIR1 refined SPb zone 3301 / parent 33,3.565949612996061,16.488245705358217,6342.977739918015,83.96910789346731,84,mixed,0.49981611841349594
3400,34,NIR1 refined SPb zone 3400 / parent 34,3.6064969674811147,17.183589617200894,826.8343252799898,3.0011054943080544,3,mixed,0.5001842490513424
3401,34,NIR1 refined SPb zone 3401 / parent 34,3.6355707854193025,17.879222297872882,826.2251759901469,2.998894505691946,3,mixed,0.4998157509486577
3500,35,NIR1 refined SPb zone 3500 / parent 35,3.750613632555309,6.021382616498042,167.90102936776697,0.5001814366377694,1,mixed,0.5001814366377694
3501,35,NIR1 refined SPb zone 3501 / parent 35,3.778992237418235,6.7170020559187975,167.77921997615388,0.4998185633622307,1,mixed,0.4998185633622307
3600,36,NIR1 refined SPb zone 3600 / parent 36,3.818904083549103,7.412340681390371,12003.571294645219,109.03963155975256,109,mixed,0.500181796145654
3601,36,NIR1 refined SPb zone 3601 / parent 36,3.8473145879572694,8.107963458071463,11994.845655238647,108.96036844024742,109,mixed,0.499818203854346
3700,37,NIR1 refined SPb zone 3700 / parent 37,3.88722945068893,8.80330598466983,36.98051929044403,1.0003643136281184,1,mixed,0.5001821568140592
3701,37,NIR1 refined SPb zone 3701 / parent 37,3.915671833073633,9.498932094475487,36.95358408900018,0.9996356863718815,1,mixed,0.49981784318594075
3800,38,NIR1 refined SPb zone 3800 / parent 38,3.955589682005477,10.194278519206913,12203.182142352867,151.555303150666,152,mixed,0.5001825186490627
3801,38,NIR1 refined SPb zone 3801 / parent 38,3.9840639206674386,10.889907957995078,12194.276160093013,151.444696849334,151,mixed,0.4998174813509373
3900,39,NIR1 refined SPb zone 3900 / parent 39,4.023984725500762,11.58525827784906,0.0,0.5001828816563257,1,inactive_or_water,0.5001828816563257
3901,39,NIR1 refined SPb zone 3901 / parent 39,4.052490798609885,12.280891041468829,0.0,0.49981711834367437,1,inactive_or_water,0.49981711834367437
4000,40,NIR1 refined SPb zone 4000 / parent 40,4.092414529148067,12.976245253422064,0.0,0.500183245841833,1,inactive_or_water,0.500183245841833
4001,40,NIR1 refined SPb zone 4001 / parent 40,4.120952414743661,13.671881337715778,0.0,0.499816754158167,1,inactive_or_water,0.499816754158167
4100,41,NIR1 refined SPb zone 4100 / parent 41,4.160879040892134,14.367239438728662,11.439124905868859,3.001101667269496,3,mixed,0.5001836112115826
4101,41,NIR1 refined SPb zone 4101 / parent 41,4.189448716882762,15.06287883953005,11.430726583587472,2.998898332730504,3,mixed,0.4998163887884174
4200,42,NIR1 refined SPb zone 4200 / parent 42,4.22937820864901,15.758240826549708,513.8181790321329,7.002575688802365,7,mixed,0.5001839777715975
4201,42,NIR1 refined SPb zone 4201 / parent 42,4.2579796528124865,16.453883539685513,513.4401936196222,6.997424311197634,7,mixed,0.49981602222840243
4300,43,NIR1 refined SPb zone 4300 / parent 43,4.297911980306264,17.149249409643236,764.4858120149706,3.0011060731649355,3,mixed,0.5001843455274892
4301,43,NIR1 refined SPb zone 4301 / parent 43,4.326545170289799,17.84489543093159,763.9223016151186,2.9988939268350645,3,mixed,0.49981565447251075
4400,44,NIR1 refined SPb zone 4400 / parent 44,4.450472383099826,5.9872923969822,1335.1156357568075,10.50381214601652,11,mixed,0.5001815307626915
4401,44,NIR1 refined SPb zone 4401 / parent 44,4.478414266069463,6.682924488846446,1334.1465293634922,10.49618785398348,10,mixed,0.4998184692373086
4500,45,NIR1 refined SPb zone 4500 / parent 45,4.517711402195229,7.378284434399102,8108.937434172663,57.0207355242498,57,mixed,0.5001818905635947
4501,45,NIR1 refined SPb zone 4501 / parent 45,4.545684695347096,8.073919924070825,8103.039822812146,56.97926447575019,57,mixed,0.4998181094364052
4600,46,NIR1 refined SPb zone 4600 / parent 46,4.584984804877618,8.769283813954564,1263.188841874473,1.500546754574513,2,mixed,0.5001822515248376
4601,46,NIR1 refined SPb zone 4601 / parent 46,4.612989486976352,9.464922697263537,1262.2683050425976,1.499453245425487,1,mixed,0.49981774847516236
4700,47,NIR1 refined SPb zone 4700 / parent 47,4.652292539977832,10.160290528414306,6951.521635762726,45.51661784236982,46,mixed,0.5001826136524156
4701,47,NIR1 refined SPb zone 4701 / parent 47,4.680328589659359,10.855932801184478,6946.4457186032605,45.48338215763018,45,mixed,0.49981738634758444
4800,48,NIR1 refined SPb zone 4800 / parent 48,4.719634556298537,11.55130457052309,0.0,0.5001829769519495,1,inactive_or_water,0.5001829769519495
4801,48,NIR1 refined SPb zone 4801 / parent 48,4.747701952069882,12.246950228567934,0.0,0.4998170230480506,1,inactive_or_water,0.4998170230480506
4900,49,NIR1 refined SPb zone 4900 / parent 49,4.78701080261395,12.942325933001936,0.0,0.5001833414296031,1,inactive_or_water,0.5001833414296031
4901,49,NIR1 refined SPb zone 4901 / parent 49,4.8151095228536,13.637974972128868,0.0,0.4998166585703969,1,inactive_or_water,0.4998166585703969
5000,50,NIR1 refined SPb zone 5000 / parent 50,4.8544212276701435,14.333354608548806,241.11489085078705,5.001837070910266,5,mixed,0.5001837070910267
5001,50,NIR1 refined SPb zone 5001 / parent 50,4.882551250627802,15.029007024555932,240.93777786380465,4.998162929089734,5,mixed,0.4998162929089734
5100,51,NIR1 refined SPb zone 5100 / parent 51,4.921865780184947,15.72439058983908,314.4330496668855,6.00220888730658,6,mixed,0.500184073942215
5101,51,NIR1 refined SPb zone 5101 / parent 51,4.950027083981695,16.420046378517057,314.2016191434837,5.997791112693421,6,mixed,0.4998159260577851
5200,52,NIR1 refined SPb zone 5200 / parent 52,5.150348076573457,5.9537311141265095,9922.721235000827,78.52851510524545,79,mixed,0.5001816248741748
5201,52,NIR1 refined SPb zone 5201 / parent 52,5.177853238809286,6.649375661190599,9915.515000680512,78.47148489475454,78,mixed,0.4998183751258251
5300,53,NIR1 refined SPb zone 5300 / parent 53,5.21653568996914,7.344756594475126,5624.394500208782,14.505277564082308,15,residential,0.5001819849683554
5301,53,NIR1 refined SPb zone 5301 / parent 53,5.244071772953932,8.040404598955764,5620.301768819411,14.494722435917694,14,residential,0.49981801503164464
5400,54,NIR1 refined SPb zone 5400 / parent 54,5.2827571541724465,8.735789519110694,0.0,0.5001823462224414,1,inactive_or_water,0.5001823462224414
5401,54,NIR1 refined SPb zone 5401 / parent 54,5.310324137003918,9.431440976805753,0.0,0.49981765377755866,1,inactive_or_water,0.49981765377755866
5500,55,NIR1 refined SPb zone 5500 / parent 55,5.349012418814324,10.126829880697885,0.0,0.5001827086426138,1,inactive_or_water,0.5001827086426138
5501,55,NIR1 refined SPb zone 5501 / parent 55,5.376610280463443,10.822484787396155,0.0,0.4998172913573862,1,inactive_or_water,0.4998172913573862
5600,56,NIR1 refined SPb zone 5600 / parent 56,5.41530143349788,11.517877671878086,0.0,0.5001830722343562,1,inactive_or_water,0.5001830722343562
5601,56,NIR1 refined SPb zone 5601 / parent 56,5.442930152808927,12.213536023359513,0.0,0.4998169277656438,1,inactive_or_water,0.4998169277656438
5700,57,NIR1 refined SPb zone 5700 / parent 57,5.481624147798255,12.908932885270334,0.0,0.5001834370039929,1,inactive_or_water,0.5001834370039929
5701,57,NIR1 refined SPb zone 5701 / parent 57,5.5092837034888795,13.60459467730671,0.0,0.49981656299600696,1,inactive_or_water,0.49981656299600696
5800,58,NIR1 refined SPb zone 5800 / parent 58,5.54798051126294,14.299995513468748,751.398940099055,20.00735211827424,20,mixed,0.500183802956856
5801,58,NIR1 refined SPb zone 5801 / parent 58,5.57567088192403,14.995660741824423,750.8467057158053,19.99264788172576,20,mixed,0.49981619704314395
5900,59,NIR1 refined SPb zone 5900 / parent 59,5.614370473411414,15.691065549046034,1657.9778154404967,1.000368340199179,1,mixed,0.5001841700995895
5901,59,NIR1 refined SPb zone 5901 / parent 59,5.642091637507212,16.38673420947674,1656.7568654079273,0.9996316598008209,1,mixed,0.49981582990041046
6000,60,NIR1 refined SPb zone 6000 / parent 60,5.85024044680559,5.920698754793266,13559.427420795144,106.03852442234741,106,mixed,0.5001817189733369
6001,60,NIR1 refined SPb zone 6001 / parent 60,5.877308889453576,6.6163555598612875,13549.574980625997,105.96147557765259,106,mixed,0.49981828102666315
6100,61,NIR1 refined SPb zone 6100 / parent 61,5.91537668029638,7.311757148609496,1431.173302701511,16.00582653953071,16,mixed,0.5001820793603347
6101,61,NIR1 refined SPb zone 6101 / parent 61,5.942475554190663,8.007417469768086,1430.1313336656865,15.994173460469291,16,mixed,0.49981792063966535
6200,62,NIR1 refined SPb zone 6200 / parent 62,5.980546231598303,8.702823087259894,0.0,0.5001824409074541,1,inactive_or_water,0.5001824409074541
6201,62,NIR1 refined SPb zone 6201 / parent 62,6.007675516169736,9.398486920272234,0.0,0.49981755909254594,1,inactive_or_water,0.49981755909254594
6300,63,NIR1 refined SPb zone 6300 / parent 63,6.04574905114244,10.093896563306917,5.375446810112399,0.5001828036197677,1,mixed,0.5001828036197677
6301,63,NIR1 refined SPb zone 6301 / parent 63,6.072908725697183,10.789563903929432,5.371517642105637,0.49981719638023225,1,mixed,0.49981719638023225
6400,64,NIR1 refined SPb zone 6400 / parent 64,6.110985089332345,11.484977569292997,3.8613649694454653,0.5001831675039227,1,mixed,0.5001831675039227
6401,64,NIR1 refined SPb zone 6401 / parent 64,6.138175133051743,12.180648413270246,3.8585368991338744,0.4998168324960774,1,mixed,0.4998168324960774
6500,65,NIR1 refined SPb zone 6500 / parent 65,6.176254296544343,12.876066097733798,2.335912733400041,0.5001835325653947,1,mixed,0.5001835325653947
6501,65,NIR1 refined SPb zone 6501 / parent 65,6.203474688484974,13.571740440805442,2.3341984984099358,0.4998164674346053,1,mixed,0.4998164674346053
6600,66,NIR1 refined SPb zone 6600 / parent 66,6.241556623127035,14.267162141123787,728.1374141287874,5.001838988098704,5,mixed,0.5001838988098705
6601,66,NIR1 refined SPb zone 6601 / parent 66,6.268807342220927,14.962839979018783,727.601996638544,4.998161011901296,5,mixed,0.49981610119012954
6700,67,NIR1 refined SPb zone 6700 / parent 67,6.306892019401755,15.65826569193462,720.5154311155788,0.5001842662435418,1,mixed,0.5001842662435418
6701,67,NIR1 refined SPb zone 6701 / parent 67,6.334173044456242,16.353947020373308,719.9845600711827,0.4998157337564581,1,mixed,0.4998157337564581
6800,68,NIR1 refined SPb zone 6800 / parent 68,6.4860971820574775,4.497112179388525,1221.1809000545413,2.5009072676695174,3,mixed,0.5001814535339035
6801,68,NIR1 refined SPb zone 6801 / parent 68,6.512698944460892,5.192777467226377,1220.2948712412585,2.4990927323304826,2,mixed,0.4998185464660965
6900,69,NIR1 refined SPb zone 6900 / parent 69,6.5501492276907225,5.888195306048728,5877.609181312948,40.014545044821226,40,mixed,0.5001818130602653
6901,69,NIR1 refined SPb zone 6901 / parent 69,6.576780951883047,6.583864171973662,5873.33623062024,39.985454955178774,40,mixed,0.4998181869397347
7000,70,NIR1 refined SPb zone 7000 / parent 70,6.614234106666801,7.279286083997227,14.477734793015372,0.5001821737404051,1,mixed,0.5001821737404051
7001,70,NIR1 refined SPb zone 7001 / parent 70,6.640895772534699,7.974958523749141,14.4671887830282,0.499817826259595,1,mixed,0.499817826259595
7100,71,NIR1 refined SPb zone 7100 / parent 71,6.678351770244059,8.670384505722671,0.0,0.5001825355798433,1,inactive_or_water,0.5001825355798433
7101,71,NIR1 refined SPb zone 7101 / parent 71,6.705043357551462,9.36606051503215,0.0,0.4998174644201567,1,inactive_or_water,0.4998174644201567
7200,72,NIR1 refined SPb zone 7200 / parent 72,6.742502169653642,10.061490563691128,163.31861744914562,2.5009144929256437,3,mixed,0.5001828985851288
7201,72,NIR1 refined SPb zone 7201 / parent 72,6.769223658041505,10.757170138280372,163.19917816347183,2.4990855070743563,2,mixed,0.4998171014148713
7300,73,NIR1 refined SPb zone 7300 / parent 73,6.806685256099765,11.45260425034212,2413.320141046156,27.510079451863245,28,mixed,0.5001832627611499
7301,73,NIR1 refined SPb zone 7301 / parent 73,6.833436625086455,12.148287385923554,2411.5517023737175,27.48992054813676,27,mixed,0.4998167372388502
7400,74,NIR1 refined SPb zone 7400 / parent 74,6.87090098075931,12.843725558094913,8588.157314328917,133.0488450783587,133,mixed,0.5001836281141305
7401,74,NIR1 refined SPb zone 7401 / parent 74,6.897682209740684,13.539412250373978,8581.851521644609,132.9511549216413,133,mixed,0.4998163718858695
7500,75,NIR1 refined SPb zone 7500 / parent 75,6.9351492947823425,14.234854479343165,532.1439505999366,10.003679893006145,10,mixed,0.5001839946503073
7501,75,NIR1 refined SPb zone 7501 / parent 75,6.961960363031423,14.930544724015519,531.7524481082497,9.996320106993856,10,mixed,0.4998160053496928
7600,76,NIR1 refined SPb zone 7600 / parent 76,7.18707290286287,4.465105871018953,1218.094733753544,0.5001815473158558,1,mixed,0.5001815473158558
7601,76,NIR1 refined SPb zone 7601 / parent 76,7.213238437897744,5.160782965782332,1217.2104875011269,0.4998184526841441,1,mixed,0.4998184526841441
7700,77,NIR1 refined SPb zone 7700 / parent 77,7.250074153186884,5.856220755164279,4939.481498975642,20.00727628541479,20,residential,0.5001819071353697
7701,77,NIR1 refined SPb zone 7701 / parent 77,7.276269160041877,6.551901484845672,4935.8886983690145,19.99272371458521,20,residential,0.4998180928646303
7800,78,NIR1 refined SPb zone 7800 / parent 78,7.31310770263405,7.247343388035428,0.0,0.5001822681086303,1,inactive_or_water,0.5001822681086303
7801,78,NIR1 refined SPb zone 7801 / parent 78,7.33933216152669,7.943027748341905,0.0,0.4998177318913697,1,inactive_or_water,0.4998177318913697
7900,79,NIR1 refined SPb zone 7900 / parent 79,7.37617350326234,8.638473762022796,0.0,0.500182630241045,1,inactive_or_water,0.500182630241045
7901,79,NIR1 refined SPb zone 7901 / parent 79,7.402427394289407,9.334161748654441,0.0,0.49981736975895497,1,inactive_or_water,0.49981736975895497
8000,80,NIR1 refined SPb zone 8000 / parent 80,7.439271507102967,10.02961186949606,2275.842283877063,20.007319741523354,20,mixed,0.5001829935380838
8001,80,NIR1 refined SPb zone 8001 / parent 80,7.465554810240618,10.725303478141083,2274.1770356098177,19.992680258476646,20,mixed,0.4998170064619162
8100,81,NIR1 refined SPb zone 8100 / parent 81,7.502401666160411,11.420757702798117,7286.754466933971,23.50861782629412,24,residential,0.5001833580062579
8101,81,NIR1 refined SPb zone 8101 / parent 81,7.528714361264079,12.116452929137042,7281.4120869856515,23.491382173705876,23,residential,0.49981664199374204
8200,82,NIR1 refined SPb zone 8200 / parent 82,7.565563932412769,12.811911254249047,503.840375032989,7.502755854771209,8,mixed,0.500183723651414
8201,82,NIR1 refined SPb zone 8201 / parent 82,7.5919059992170075,13.50761009395495,503.4702414638473,7.49724414522879,7,mixed,0.499816276348586
8300,83,NIR1 refined SPb zone 8300 / parent 83,7.62875825781135,14.203072516145184,380.21223688010605,14.505338623884706,15,mixed,0.500184090478783
8301,83,NIR1 refined SPb zone 8301 / parent 83,7.655129675930249,14.898774964880198,379.93236611228775,14.494661376115294,14,mixed,0.49981590952121707
8400,84,NIR1 refined SPb zone 8400 / parent 84,7.702404097315768,0.2602377770356834,1043.5665419257898,4.001444540882004,4,mixed,0.5001805676102505
8401,84,NIR1 refined SPb zone 8401 / parent 84,7.728046345274794,0.9559153843268287,1042.8130767621458,3.9985554591179953,4,mixed,0.4998194323897494
8500,85,NIR1 refined SPb zone 8500 / parent 85,7.764259000436665,1.651360311534023,5099.426092190531,36.01302654944819,36,mixed,0.5001809242978915
8501,85,NIR1 refined SPb zone 8501 / parent 85,7.789930287822848,2.347041622551391,5095.736986746638,35.98697345055181,36,mixed,0.4998190757021085
8600,86,NIR1 refined SPb zone 8600 / parent 86,7.8261458095235135,3.042490713554202,1888.7985182764967,5.001812821214333,5,mixed,0.5001812821214333
8601,86,NIR1 refined SPb zone 8601 / parent 86,7.851846117241744,3.738175724002067,1887.42939306293,4.998187178785668,5,mixed,0.49981871787856674
8700,87,NIR1 refined SPb zone 8700 / parent 87,7.888064477512933,4.4336289754665925,1177.4826123378928,0.5001816410869256,1,mixed,0.5001816410869256
8701,87,NIR1 refined SPb zone 8701 / parent 87,7.913793786349212,5.129317681039218,1176.6274061328977,0.4998183589130744,1,mixed,0.4998183589130744
8800,88,NIR1 refined SPb zone 8800 / parent 88,7.950014957315317,5.8247750896157235,3077.28597108299,28.01019206718079,28,mixed,0.500182001199657
8801,88,NIR1 refined SPb zone 8801 / parent 88,7.975773247936857,6.520467485998757,3075.0465072994816,27.989807932819208,28,mixed,0.499817998800343
8900,89,NIR1 refined SPb zone 8900 / parent 89,8.011997201814404,7.215929048321443,0.0,0.5001823624657449,1,inactive_or_water,0.5001823624657449
8901,89,NIR1 refined SPb zone 8901 / parent 89,8.03778445476976,7.911625131192151,0.0,0.4998176375342551,1,inactive_or_water,0.4998176375342551
9000,90,NIR1 refined SPb zone 9000 / parent 90,8.074011163867864,8.607090843881712,0.0,0.5001827248906254,1,inactive_or_water,0.5001827248906254
9001,90,NIR1 refined SPb zone 9001 / parent 90,8.099827359586751,9.302790608906653,0.0,0.4998172751093747,1,inactive_or_water,0.4998172751093747
9100,91,NIR1 refined SPb zone 9100 / parent 91,8.136056796306992,9.998260468568187,129.0765594002692,3.001098530881281,3,mixed,0.5001830884802135
9101,91,NIR1 refined SPb zone 9101 / parent 91,8.161901915100403,10.693963911405065,128.98206427783876,2.998901469118719,3,mixed,0.49981691151978647
9200,92,NIR1 refined SPb zone 9200 / parent 92,8.198134051936796,11.389437914629001,52.27100148551158,1.000366906480935,1,mixed,0.5001834532404675
9201,92,NIR1 refined SPb zone 9201 / parent 92,8.224008073997043,12.085145030926215,52.23265841541251,0.9996330935190652,1,mixed,0.4998165467595326
9300,93,NIR1 refined SPb zone 9300 / parent 93,8.260242883536106,12.780623174287612,24.22096848049367,1.000367638354004,1,mixed,0.500183819177002
9301,93,NIR1 refined SPb zone 9301 / parent 93,8.286145788936759,13.476333959684242,24.203165911431753,0.999632361645996,1,mixed,0.499816180822998
9400,94,NIR1 refined SPb zone 9400 / parent 94,8.322383243857562,14.171816239744192,340.9301836874991,1.0003683725920007,1,mixed,0.5001841862960004
9401,94,NIR1 refined SPb zone 9401 / parent 94,8.348315012553547,14.867530689870707,340.6790975098526,0.9996316274079993,1,mixed,0.49981581370399963
9500,95,NIR1 refined SPb zone 9500 / parent 95,8.406560282962964,0.22919874021876604,3742.237015430714,1.000361320978727,1,residential,0.5001806604893635
9501,95,NIR1 refined SPb zone 9501 / parent 95,8.431767778141758,0.9248875972023234,3739.533694715113,0.999638679021273,1,residential,0.4998193395106365
9600,96,NIR1 refined SPb zone 9600 / parent 96,8.46736604862327,1.6203516941228882,7013.322405913166,97.03511738939066,97,mixed,0.5001810174710859
9601,96,NIR1 refined SPb zone 9601 / parent 96,8.49260209214907,2.3160443098763936,7008.246108167014,96.96488261060935,97,mixed,0.49981898252891416
9700,97,NIR1 refined SPb zone 9700 / parent 97,8.528203183223669,3.011512610054342,13687.505842728731,120.54371151685075,121,mixed,0.5001813755885923
9701,97,NIR1 refined SPb zone 9701 / parent 97,8.553467756326135,3.707208980254596,13677.579125942588,120.45628848314925,120,mixed,0.4998186244114077
9800,98,NIR1 refined SPb zone 9800 / parent 98,8.58907164049914,4.402681480290368,9478.869205919586,26.509631946904786,27,mixed,0.5001817348472601
9801,98,NIR1 refined SPb zone 9801 / parent 98,8.614364724291212,5.0983816006009,9471.981146131227,26.490368053095217,26,mixed,0.4998182651527399
9900,99,NIR1 refined SPb zone 9900 / parent 99,8.649971374158733,5.793858297082595,10171.393163829933,132.54825524214843,133,mixed,0.5001820952533903
9901,99,NIR1 refined SPb zone 9901 / parent 99,8.67529294963651,6.489562163159717,10163.987211345522,132.4517447578516,132,mixed,0.4998179047466098
10000,100,NIR1 refined SPb zone 10000 / parent 100,8.710902337885578,7.185043052659603,0.5292384253392263,0.5001824568121043,1,mixed,0.5001824568121043
10001,100,NIR1 refined SPb zone 10001 / parent 100,8.736252385928324,7.880750660147518,0.5288523136129338,0.4998175431878958,1,mixed,0.4998175431878958
10100,101,NIR1 refined SPb zone 10100 / parent 101,8.771864485336845,8.57623573922296,0.0,0.5001828195297238,1,inactive_or_water,0.5001828195297238
10101,101,NIR1 refined SPb zone 10101 / parent 101,8.797242986707163,9.271947083757725,0.0,0.4998171804702762,1,inactive_or_water,0.4998171804702762
10200,102,NIR1 refined SPb zone 10200 / parent 102,8.832857770143848,9.967436348951422,902.6330560525955,24.508975987160166,25,mixed,0.500183183411432
10201,102,NIR1 refined SPb zone 10201 / parent 102,8.858264705487658,10.663151426160475,901.9719086651471,24.491024012839826,24,mixed,0.4998168165885679
10300,103,NIR1 refined SPb zone 10300 / parent 103,8.893882145912007,11.358644873998827,593.8116581840513,1.5005506453907027,2,mixed,0.5001835484635676
10301,103,NIR1 refined SPb zone 10301 / parent 103,8.919317495758484,12.054363679498435,593.3758452995893,1.4994493546092975,1,mixed,0.4998164515364325
10400,104,NIR1 refined SPb zone 10400 / parent 104,8.954937566221124,12.749861306494335,82.12866891211065,2.0007356587675496,2,mixed,0.5001839146918874
10401,104,NIR1 refined SPb zone 10401 / parent 104,8.980401310982707,13.445583835892378,82.06827245235085,1.9992643412324502,2,mixed,0.49981608530811256
10500,105,NIR1 refined SPb zone 10500 / parent 105,9.016023984625049,14.141085638544057,270.8964159340137,0.5001842821018592,1,mixed,0.5001842821018592
10501,105,NIR1 refined SPb zone 10501 / parent 105,9.041516104597612,14.836811887437943,270.6968040601473,0.49981571789814083,1,mixed,0.49981571789814083
10600,106,NIR1 refined SPb zone 10600 / parent 106,9.170488371158644,1.589873514508363,1176.458377827057,1.5005433319034966,2,mixed,0.5001811106344989
10601,106,NIR1 refined SPb zone 10601 / parent 106,9.195289172090096,2.285577240851242,1175.606409934869,1.4994566680965034,1,mixed,0.4998188893655011
10700,107,NIR1 refined SPb zone 10700 / parent 107,9.230275855642176,2.981064420326613,4987.803471585763,16.50598847850171,17,residential,0.5001814690455063
10701,107,NIR1 refined SPb zone 10701 / parent 107,9.255104695331378,3.6767719551923217,4984.184257395805,16.49401152149829,16,residential,0.49981853095449363
10800,108,NIR1 refined SPb zone 10800 / parent 108,9.290094126373646,4.372263373254333,20507.914090869956,168.56127623745277,169,mixed,0.5001818285977827
10801,108,NIR1 refined SPb zone 10801 / parent 108,9.314950986260229,5.0679747122777625,20493.00381204977,168.4387237625472,168,mixed,0.49981817140221724
10900,109,NIR1 refined SPb zone 10900 / parent 109,9.349943137860683,5.763470365450718,40687.25798536088,357.6302653472179,358,mixed,0.5001821892968082
10901,109,NIR1 refined SPb zone 10901 / parent 109,9.374827999269561,6.4591855042572135,40657.61765397751,357.36973465278214,357,mixed,0.4998178107031918
11000,110,NIR1 refined SPb zone 11000 / parent 110,9.40982284458568,7.154685389052378,92.24620338620333,1.000365102296913,1,mixed,0.5001825511484564
11001,110,NIR1 refined SPb zone 11001 / parent 110,9.434735688727029,7.85040432325704,92.17886936853225,0.999634897703087,1,mixed,0.4998174488515435
11100,111,NIR1 refined SPb zone 11100 / parent 111,9.46973320100538,8.545908436168917,0.0,0.5001829141583742,1,inactive_or_water,0.5001829141583742
11101,111,NIR1 refined SPb zone 11101 / parent 111,9.494674008974616,9.241631161376601,0.0,0.4998170858416258,1,inactive_or_water,0.4998170858416258
11200,112,NIR1 refined SPb zone 11200 / parent 112,9.529674161551142,9.937139498887817,1110.0129697687048,85.03115731652817,85,mixed,0.5001832783325186
11201,112,NIR1 refined SPb zone 11201 / parent 112,9.554642914328898,10.632866010694997,1109.1995026458078,84.96884268347185,85,mixed,0.4998167216674815
11300,113,NIR1 refined SPb zone 11300 / parent 113,9.589645680628877,11.32837856926932,789.8667763716269,6.502387367791055,7,mixed,0.500183643676235
11301,113,NIR1 refined SPb zone 11301 / parent 113,9.614642359081133,12.024108863261063,789.2867732452445,6.497612632208946,6,mixed,0.49981635632376503
11400,114,NIR1 refined SPb zone 11400 / parent 114,9.649647712619045,12.719625639350852,747.7157983497482,29.010672591382026,29,mixed,0.5001840101962418
11401,114,NIR1 refined SPb zone 11401 / parent 114,9.674672297497134,13.415359711102909,747.1656514918609,28.989327408617974,29,mixed,0.4998159898037582
11500,115,NIR1 refined SPb zone 11500 / parent 115,9.709680211876984,14.110880701142364,649.1007947891293,0.5001843778978344,1,mixed,0.5001843778978344
11501,115,NIR1 refined SPb zone 11501 / parent 115,9.734732683817406,14.8066185462235,648.6222518944917,0.4998156221021656,1,mixed,0.4998156221021656
11600,116,NIR1 refined SPb zone 11600 / parent 116,9.814918139455811,0.16871353483456186,863.1320551271654,0.500180846218984,1,mixed,0.500180846218984
11601,116,NIR1 refined SPb zone 11601 / parent 116,9.839256133043891,0.8644243116166909,862.5079042032204,0.4998191537810161,1,mixed,0.4998191537810161
11700,117,NIR1 refined SPb zone 11700 / parent 117,9.991131669748837,4.3423746423316185,35289.089876949394,156.0567597696834,156,mixed,0.5001819223387288
11701,117,NIR1 refined SPb zone 11701 / parent 117,10.01555230685274,5.038097004085547,35263.41972185059,155.9432402303166,156,mixed,0.4998180776612712
11800,118,NIR1 refined SPb zone 11800 / parent 118,10.049929982624569,5.733611282809638,82945.93617007164,456.1662423977718,456,mixed,0.5001822833308901
11801,118,NIR1 refined SPb zone 11801 / parent 118,10.074378131024728,6.429337497425498,82885.47956441902,455.83375760222816,456,mixed,0.49981771666910985
11900,119,NIR1 refined SPb zone 11900 / parent 119,10.10875845571261,7.124856045707362,1297.9650246687136,29.01059343755353,29,mixed,0.5001826454750609
11901,119,NIR1 refined SPb zone 11901 / parent 119,10.133234096949993,7.820586108770687,1297.0171011824123,28.989406562446465,29,mixed,0.4998173545249391
12000,120,NIR1 refined SPb zone 12000 / parent 120,10.167617044269354,8.51610892304615,29423.842276244497,175.06405307206492,175,mixed,0.5001830087773284
12001,120,NIR1 refined SPb zone 12001 / parent 120,10.192120159772108,9.211842830131063,29402.310871519487,174.93594692793505,175,mixed,0.4998169912226716
12100,121,NIR1 refined SPb zone 12100 / parent 121,10.226505703526128,9.907369906819193,49498.772571665875,526.1929086524038,526,mixed,0.5001833732437299
12101,121,NIR1 refined SPb zone 12101 / parent 121,10.251036274609621,10.603107653493295,49462.478880301256,525.8070913475963,526,mixed,0.4998166267562702
12200,122,NIR1 refined SPb zone 12200 / parent 122,10.285424388689295,11.29863898899895,662.9522125329157,65.52406979321749,66,mixed,0.5001837388795228
12201,122,NIR1 refined SPb zone 12201 / parent 122,10.309982396556224,11.99438057081541,662.4651511303166,65.47593020678252,65,mixed,0.4998162611204772
12300,123,NIR1 refined SPb zone 12300 / parent 123,10.344373054940151,12.689916161528789,1857.0822311504396,15.505707276409224,16,mixed,0.5001841056906201
12301,123,NIR1 refined SPb zone 12301 / parent 123,10.368958480680696,13.385661574034254,1855.715136903283,15.494292723590775,15,mixed,0.49981589430937984
12400,124,NIR1 refined SPb zone 12400 / parent 124,10.403351657435152,14.081201416329947,2425.279141127882,0.5001844736836015,1,mixed,0.5001844736836015
12401,124,NIR1 refined SPb zone 12401 / parent 124,10.427964482026669,14.776950655060588,2423.490200445134,0.49981552631639853,1,mixed,0.49981552631639853
12500,125,NIR1 refined SPb zone 12500 / parent 125,10.519119282081432,0.1392673417145852,803.3958145227621,7.502714086056478,8,mixed,0.5001809390704318
12501,125,NIR1 refined SPb zone 12501 / parent 125,10.543022526820277,0.8349887886939105,802.8145620978347,7.4972859139435215,7,mixed,0.4998190609295681
12600,126,NIR1 refined SPb zone 12600 / parent 126,10.57677778109825,1.5305084198261611,830.8656420889779,3.5012690785346035,4,mixed,0.5001812969335148
12601,126,NIR1 refined SPb zone 12601 / parent 126,10.600708100566509,2.226233785076998,830.2633269124727,3.498730921465396,3,mixed,0.4998187030664852
12700,127,NIR1 refined SPb zone 12700 / parent 127,10.634466036793063,2.9217577338190748,659.6600334044874,2.0007266237278833,2,mixed,0.5001816559319708
12701,127,NIR1 refined SPb zone 12701 / parent 127,10.658423413194644,3.617487012929749,659.1808828529593,1.9992733762721162,2,mixed,0.49981834406802905
12800,128,NIR1 refined SPb zone 12800 / parent 128,10.692184005296106,4.3130152757007165,4078.061476745953,47.51729152669934,48,mixed,0.5001820160705194
12801,128,NIR1 refined SPb zone 12801 / parent 128,10.716168420724033,5.008748464246979,4075.0934662958166,47.482708473300654,47,mixed,0.49981798392948057
12900,129,NIR1 refined SPb zone 12900 / parent 129,10.749931642712399,5.704281037454027,101049.25473302817,819.7989164860217,820,mixed,0.5001823773557179
12901,129,NIR1 refined SPb zone 12901 / parent 129,10.773943079149118,6.400018131003249,100975.56522812035,819.2010835139782,819,mixed,0.49981762264428203
13000,130,NIR1 refined SPb zone 13000 / parent 130,10.80770890512255,7.095555011036573,33535.12149404779,540.6975417159296,541,mixed,0.5001827397927193
13001,130,NIR1 refined SPb zone 13001 / parent 130,10.831747344439588,7.791296005143551,33510.61764510179,540.3024582840704,540,mixed,0.49981726020728073
13100,131,NIR1 refined SPb zone 13100 / parent 131,10.86551574858262,8.486837188377976,62777.78483770482,875.8206140312577,876,mixed,0.5001831033873545
13101,131,NIR1 refined SPb zone 13101 / parent 131,10.889581172540783,9.182582078590057,62731.82236925458,875.1793859687424,875,mixed,0.49981689661264556
13200,132,NIR1 refined SPb zone 13200 / parent 132,10.92335212912374,9.878127561385977,123537.38196275764,1007.3695048450311,1007,mixed,0.5001834681454971
13201,132,NIR1 refined SPb zone 13201 / parent 132,10.947444519373239,10.573876343238167,123446.75451978238,1006.6304951549691,1007,mixed,0.49981653185450303
13300,133,NIR1 refined SPb zone 13300 / parent 133,10.981218002752735,11.269426121940837,5849.826824587805,221.58143849443735,222,mixed,0.500183834073222
13301,133,NIR1 refined SPb zone 13301 / parent 133,11.005337340832979,11.96517879095883,5845.526815592914,221.41856150556268,221,mixed,0.4998161659267781
13400,134,NIR1 refined SPb zone 13400 / parent 134,11.039113325451778,12.660732861899538,1024.253862160209,54.52007792818565,55,mixed,0.5001842011760151
13401,134,NIR1 refined SPb zone 13401 / parent 134,11.063259592791539,13.356489413598785,1023.499465018099,54.479922071814364,54,mixed,0.49981579882398497
13500,135,NIR1 refined SPb zone 13500 / parent 135,11.223334882244554,0.11035207229689695,343.40380846156665,0.5001810319130563,1,mixed,0.5001810319130563
13501,135,NIR1 refined SPb zone 13501 / parent 135,11.246803379405755,0.8060839963944163,343.1552302691516,0.4998189680869437,1,mixed,0.4998189680869437
13600,136,NIR1 refined SPb zone 13600 / parent 136,11.279944339560855,1.501621480864007,336.39695153301346,5.001813900705903,5,mixed,0.5001813900705903
13601,136,NIR1 refined SPb zone 13601 / parent 136,11.303439420123555,2.1973573745212054,336.1529637797854,4.998186099294098,5,mixed,0.4998186099294098
13700,137,NIR1 refined SPb zone 13700 / parent 137,11.336583015751472,2.8928992133741267,1552.650327219823,40.01453994897175,40,mixed,0.5001817493621469
13701,137,NIR1 refined SPb zone 13701 / parent 137,11.36010466224412,3.588639072149992,1551.5219645517757,39.98546005102824,40,mixed,0.499818250637853
13800,138,NIR1 refined SPb zone 13800 / parent 138,11.393250867744472,4.2841852617491964,15892.463035548648,164.559914122255,165,mixed,0.5001821097940882
13801,138,NIR1 refined SPb zone 13801 / parent 138,11.416799062586884,4.979929081192007,15880.8905577879,164.44008587774496,164,mixed,0.4998178902059118
13900,139,NIR1 refined SPb zone 13900 / parent 139,11.449947852443845,5.675479617885314,68305.45736188031,845.3083766187953,845,mixed,0.5001824713720682
13901,139,NIR1 refined SPb zone 13901 / parent 139,11.473522577946932,6.371227393532638,68255.62038742426,844.6916233812047,845,mixed,0.4998175286279318
14000,140,NIR1 refined SPb zone 14000 / parent 140,11.506673926729286,7.0667822736513335,80633.26318800793,2422.885648388107,2423,mixed,0.500182834101591
14001,140,NIR1 refined SPb zone 14001 / parent 140,11.530275165095372,7.762534001031192,80574.3147026613,2421.114351611893,2421,mixed,0.49981716589840897
14100,141,NIR1 refined SPb zone 14100 / parent 141,11.5634290474562,8.458093220892827,71698.77385929752,2108.7723627201376,2109,mixed,0.5001831979886474
14101,141,NIR1 refined SPb zone 14101 / parent 141,11.587056780778731,9.153848895521602,71646.25281815769,2107.227637279863,2107,mixed,0.49981680201135265
14200,142,NIR1 refined SPb zone 14200 / parent 142,11.620213171455937,9.849412451427662,96170.31407625436,1001.8676767665987,1002,mixed,0.5001835630387412
14201,142,NIR1 refined SPb zone 14201 / parent 142,11.643867381719712,10.54517206881265,96099.72673035563,1001.1323232334013,1001,mixed,0.49981643696125877
14300,143,NIR1 refined SPb zone 14300 / parent 143,11.677026255535544,11.240739957049023,46297.26816112148,433.15928273753025,433,mixed,0.500183929258118
14301,143,NIR1 refined SPb zone 14301 / parent 143,11.700706924616695,11.936503512686118,46263.218997653166,432.8407172624698,433,mixed,0.499816070741882
14400,144,NIR1 refined SPb zone 14400 / parent 144,11.73386825647809,12.632075729525647,413.93189493655615,3.501290076565626,4,mixed,0.5001842966522323
14401,144,NIR1 refined SPb zone 14401 / parent 144,11.757575366143938,13.327843218900496,413.62686231958054,3.498709923434374,3,mixed,0.4998157033477677
14500,145,NIR1 refined SPb zone 14500 / parent 145,11.92756467598096,0.08196771483845078,612.4752656966763,0.5001811247484739,1,mixed,0.5001811247484739
14501,145,NIR1 refined SPb zone 14501 / parent 145,11.950598426816054,0.7777099230184685,612.0316886684484,0.4998188752515261,1,mixed,0.4998188752515261
14600,146,NIR1 refined SPb zone 14600 / parent 146,11.983125114487455,1.47326493190974,3685.338379168839,32.011614924746596,32,mixed,0.5001814831991656
14601,146,NIR1 refined SPb zone 14601 / parent 146,12.006184957336911,2.1690111599967348,3682.664041867181,31.988385075253404,32,mixed,0.49981851680083444
14700,147,NIR1 refined SPb zone 14700 / parent 147,12.038714233878316,2.864570559374988,1162.1583896459722,44.51618400780401,45,mixed,0.5001818427843147
14701,147,NIR1 refined SPb zone 14701 / parent 147,12.061800151595337,3.5603208029002418,1161.313376495509,44.483815992196,44,mixed,0.4998181572156854
14800,148,NIR1 refined SPb zone 14800 / parent 148,12.094331991880042,4.255884589070687,22293.875272983325,404.64740263933356,405,mixed,0.500182203509683
14801,148,NIR1 refined SPb zone 14801 / parent 148,12.117443967210827,4.951638843555004,22277.63310246758,404.35259736066644,404,mixed,0.499817796490317
14900,149,NIR1 refined SPb zone 14900 / parent 149,12.149978346195335,5.647207012807252,70757.26573459202,840.3067098388901,840,mixed,0.5001825653802917
14901,149,NIR1 refined SPb zone 14901 / parent 149,12.173116361779451,6.342965273760725,70705.61328598093,839.69329016111,840,mixed,0.49981743461970835
15000,150,NIR1 refined SPb zone 15000 / parent 150,12.205653254502817,7.038537822369719,77206.82853633924,2403.378970973826,2403,mixed,0.5001829284024613
15001,150,NIR1 refined SPb zone 15001 / parent 150,12.228817292873064,7.734300085291267,77150.35591002087,2401.621029026174,2402,mixed,0.4998170715975388
15100,151,NIR1 refined SPb zone 15100 / parent 151,12.261356674457536,8.42987700951728,87165.47393908958,1870.6855142551167,1871,mixed,0.500183292581582
15101,151,NIR1 refined SPb zone 15101 / parent 151,12.284546718040074,9.125643269895576,87101.5902189411,1869.314485744883,1869,mixed,0.49981670741841794
15200,152,NIR1 refined SPb zone 15200 / parent 152,12.317088563690719,9.821224565982353,78250.47133777774,754.7771398069253,755,mixed,0.5001836579237411
15201,152,NIR1 refined SPb zone 15201 / parent 152,12.34030459480497,10.516994819295592,78193.00716888702,754.2228601930749,754,mixed,0.499816342076259
15300,153,NIR1 refined SPb zone 15300 / parent 153,12.37284887980984,11.21258048347244,100106.03236664717,1224.4504918164616,1224,mixed,0.5001840244348291
15301,153,NIR1 refined SPb zone 15301 / parent 153,12.396090880668432,11.908354725187412,100032.37165327245,1223.5495081835384,1224,mixed,0.49981597556517093
15400,154,NIR1 refined SPb zone 15400 / parent 154,12.428637580398776,12.60394475366734,948.0569372571612,18.506822508444134,19,mixed,0.5001843921201118
15401,154,NIR1 refined SPb zone 15401 / parent 154,12.45190553310774,13.29972297924175,947.3579381224358,18.493177491555862,18,mixed,0.49981560787988816
15500,155,NIR1 refined SPb zone 15500 / parent 155,12.631808399382964,0.05411425781040453,2398.088268076254,8.503080698795607,9,mixed,0.5001812175762121
15501,155,NIR1 refined SPb zone 15501 / parent 155,12.654407405123726,0.7498665570789017,2396.3505948961633,8.496919301204393,8,mixed,0.4998187824237878
15600,156,NIR1 refined SPb zone 15600 / parent 156,12.68631984154982,1.4454387615458109,29910.097391827803,357.1296454930359,357,mixed,0.5001815763207786
15601,156,NIR1 refined SPb zone 15601 / parent 156,12.70894444785983,2.141195130127715,29888.381416287524,356.870354506964,357,mixed,0.4998184236792213
15700,157,NIR1 refined SPb zone 15700 / parent 157,12.740859426428841,2.836771760512609,7771.95749868924,54.519831045722704,55,mixed,0.5001819361992909
15701,157,NIR1 refined SPb zone 15701 / parent 157,12.763509616485651,3.5325321939131245,7766.303554370075,54.480168954277296,54,mixed,0.49981806380070914
15800,158,NIR1 refined SPb zone 15800 / parent 158,12.79542711254477,4.228113246465335,33156.24889981678,411.65003060991495,412,mixed,0.5001822972173936
15801,158,NIR1 refined SPb zone 15801 / parent 158,12.818102869421214,4.923877740177792,33132.08054381029,411.349969390085,411,mixed,0.49981770278260634
15900,159,NIR1 refined SPb zone 15900 / parent 159,12.850022858398734,5.619463211131981,122285.28477839348,805.794264263015,806,mixed,0.500182659381139
15901,159,NIR1 refined SPb zone 15901 / parent 159,12.872724165062886,6.315231760638999,122195.97118856345,805.205735736985,805,mixed,0.49981734061886096
16000,160,NIR1 refined SPb zone 16000 / parent 160,12.904646622468688,7.010821646211669,44337.67316942048,631.2309746419642,631,mixed,0.5001830226956927
16001,160,NIR1 refined SPb zone 16001 / parent 160,12.927373461783922,7.706594246985624,44305.225844757304,630.7690253580358,631,mixed,0.49981697730430735
16100,161,NIR1 refined SPb zone 16100 / parent 161,12.959298363209061,8.402188543380705,61661.91268391151,802.7943364028872,803,mixed,0.5001833871669079
16101,161,NIR1 refined SPb zone 16101 / parent 161,12.98205071793405,9.097965190881864,61616.69725387785,802.2056635971129,802,mixed,0.49981661283309214
16200,162,NIR1 refined SPb zone 16200 / parent 162,13.013978039051027,9.793563894288148,100116.28925817038,699.2568864160836,699,mixed,0.5001837528012043
16201,162,NIR1 refined SPb zone 16201 / parent 162,13.03675589183964,10.489344583965838,100042.72969733161,698.7431135839164,699,mixed,0.4998162471987957
16300,163,NIR1 refined SPb zone 16300 / parent 163,13.068685608402477,11.18494769055536,68997.54103734241,392.6445338887772,393,mixed,0.5001841196035378
16301,163,NIR1 refined SPb zone 16301 / parent 163,13.09148894180401,11.880732417849359,68946.7445429997,392.3554661112229,392,mixed,0.49981588039646224
16400,164,NIR1 refined SPb zone 16400 / parent 164,13.336065788598106,0.02679168989812024,3501.447889140577,27.009790761454937,27,mixed,0.5001813103973136
16401,164,NIR1 refined SPb zone 16401 / parent 164,13.358230050456244,0.7225538873001933,3498.909414012632,26.99020923854506,27,mixed,0.4998186896026863
16500,165,NIR1 refined SPb zone 16500 / parent 165,13.38952825647527,1.4181429585642182,10231.232385743324,145.05268413631265,145,mixed,0.5001816694355609
16501,165,NIR1 refined SPb zone 16501 / parent 165,13.411717627400373,2.113909273746889,10223.80027726679,144.94731586368738,145,mixed,0.4998183305644392
16600,166,NIR1 refined SPb zone 16600 / parent 166,13.44301832871334,2.8095028056884184,4366.607943980493,110.54022854320348,111,mixed,0.5001820296072556
16601,166,NIR1 refined SPb zone 16601 / parent 166,13.465232792207505,3.5052732341298833,4363.429693335598,110.45977145679652,110,mixed,0.49981797039274445
16700,167,NIR1 refined SPb zone 16700 / parent 167,13.496535964635171,4.200871222943068,2775.315724685265,58.521339737472324,59,mixed,0.5001823909185669
16701,167,NIR1 refined SPb zone 16701 / parent 167,13.518775504097706,4.896645760111045,2773.291693477734,58.47866026252768,58,mixed,0.4998176090814332
16800,168,NIR1 refined SPb zone 16800 / parent 168,13.550081123540716,5.592248201974435,48236.60212697793,454.1659400642465,454,mixed,0.5001827533747208
16801,168,NIR1 refined SPb zone 16801 / parent 168,13.572345722268205,6.288026843324304,48201.35340332925,453.83405993575354,454,mixed,0.4998172466252792
16900,169,NIR1 refined SPb zone 16900 / parent 169,13.603653764706774,6.983633734400152,84882.22616038496,785.7876767783448,786,mixed,0.5001831169817599
16901,169,NIR1 refined SPb zone 16901 / parent 169,13.625943405893064,7.679416475377046,84820.075413861,785.2123232216553,785,mixed,0.4998168830182402
17000,170,NIR1 refined SPb zone 17000 / parent 170,13.657253847387473,8.375027811813867,45986.912672436985,443.66274830808516,444,mixed,0.5001834817453046
17001,170,NIR1 refined SPb zone 17001 / parent 170,13.679568514123588,9.070814647850115,45953.174017298414,443.33725169191484,443,mixed,0.4998165182546954
17100,171,NIR1 refined SPb zone 17100 / parent 171,13.710881330813805,9.766430425781524,15026.514053881088,201.5740906114486,202,mixed,0.5001838476710884
17101,171,NIR1 refined SPb zone 17101 / parent 171,13.733221006088323,10.462221352300373,15015.46775709943,201.42590938855136,201,mixed,0.4998161523289116
17200,172,NIR1 refined SPb zone 17200 / parent 172,13.764536174193912,11.157841567842988,24042.264066243133,47.51750040268992,48,mixed,0.5001842147651571
17201,172,NIR1 refined SPb zone 17201 / parent 172,13.786900840892544,11.853636580255115,24024.55483073322,47.482499597310074,47,mixed,0.4998157852348429
17300,173,NIR1 refined SPb zone 17300 / parent 173,14.04033657982864,0.0,2420.9703871169822,1.0003628064246644,1,mixed,0.5001814032123322
17301,173,NIR1 refined SPb zone 17301 / parent 173,14.062066098995361,0.6957719026212581,2419.21433700251,0.9996371935753359,1,mixed,0.49981859678766793
17400,174,NIR1 refined SPb zone 17400 / parent 174,14.092750095045353,1.3913775119700003,491.9853058001669,3.0010905752625145,3,mixed,0.5001817625437525
17401,174,NIR1 refined SPb zone 17401 / parent 174,14.114504231720886,2.087153579898877,491.62773778242746,2.998909424737485,3,mixed,0.4998182374562475
17500,175,NIR1 refined SPb zone 17500 / parent 175,14.145190676095982,2.7827636840124614,1749.2571663923834,60.52203688407946,61,mixed,0.5001821230089212
17501,175,NIR1 refined SPb zone 17501 / parent 175,14.166969414106891,3.478543912701309,1747.9833104752474,60.477963115920545,60,mixed,0.4998178769910789
17600,176,NIR1 refined SPb zone 17600 / parent 176,14.197658283101875,4.17415850771917,10720.73018738546,88.03211729186762,88,mixed,0.5001824846128842
17601,176,NIR1 refined SPb zone 17601 / parent 176,14.219461606173834,4.86994289260963,10712.907569208039,87.9678827081324,88,mixed,0.4998175153871159
17700,177,NIR1 refined SPb zone 17700 / parent 177,14.250152876161359,5.565561974657234,31846.85437039343,188.06875060807928,188,mixed,0.500182847361913
17701,177,NIR1 refined SPb zone 17701 / parent 177,14.271980767919406,6.261350511177443,31823.570431979446,187.93124939192074,188,mixed,0.49981715263808707
17800,178,NIR1 refined SPb zone 17800 / parent 178,14.302674415350484,6.956974076362327,63868.76047872904,360.13191210797993,360,mixed,0.5001832112610832
17801,178,NIR1 refined SPb zone 17801 / parent 178,14.324526859318867,7.652766759931575,63821.97171858002,359.86808789202007,360,mixed,0.4998167887389168
17900,179,NIR1 refined SPb zone 17900 / parent 179,14.355222860722643,8.348394804348937,48619.67147945474,490.1799047902949,490,mixed,0.5001835763166275
17901,179,NIR1 refined SPb zone 17901 / parent 179,14.377099840325055,9.044191630372545,48583.982901786665,489.8200952097051,490,mixed,0.49981642368337253
18000,180,NIR1 refined SPb zone 18000 / parent 180,14.407798172308802,9.739824150100583,612.5378054790257,54.01986579371788,54,mixed,0.5001839425344248
18001,180,NIR1 refined SPb zone 18001 / parent 180,14.429699670868082,10.435625113975023,612.0872841935966,53.98013420628213,54,mixed,0.4998160574655753
18100,181,NIR1 refined SPb zone 18100 / parent 181,14.795985093094394,1.3651424109798391,1566.3022133073418,8.00290969034195,8,mixed,0.5001818556463719
18101,181,NIR1 refined SPb zone 18101 / parent 181,14.817303996636285,2.060928037838079,1565.163263950426,7.99709030965805,8,mixed,0.49981814435362815
18200,182,NIR1 refined SPb zone 18200 / parent 182,14.847376203994004,2.7565543848052623,32100.61334131178,95.03462111684209,95,mixed,0.5001822164044321
18201,182,NIR1 refined SPb zone 18201 / parent 182,14.868719217582663,3.4523442189854103,32077.22483147964,94.9653788831579,95,mixed,0.4998177835955679
18300,183,NIR1 refined SPb zone 18300 / parent 183,14.898793802947912,4.147975090218708,16338.903900355783,101.53706339521376,102,mixed,0.5001825783015457
18301,183,NIR1 refined SPb zone 18301 / parent 183,14.920160910635444,4.843769127135864,16326.97573870979,101.46293660478624,101,mixed,0.49981742169845433
18400,184,NIR1 refined SPb zone 18400 / parent 184,14.950237850853359,5.539404518707189,1499.2767271688806,1.0003658826859854,1,mixed,0.5001829413429927
18401,184,NIR1 refined SPb zone 18401 / parent 184,14.971629036593164,6.235202753764577,1498.1800096468894,0.9996341173140145,1,mixed,0.49981705865700726
18500,185,NIR1 refined SPb zone 18500 / parent 185,15.053205136996432,8.322289510718313,1798.5485924684738,7.502755063233529,8,mixed,0.5001836708822353
18501,185,NIR1 refined SPb zone 18501 / parent 185,15.07464443030613,9.018096128220437,1797.2277136555413,7.497244936766472,7,mixed,0.4998163291177648
18600,186,NIR1 refined SPb zone 18600 / parent 186,15.104728296917878,9.713745057079475,284.44375395663826,2.000736149565841,2,mixed,0.5001840373914602
18601,186,NIR1 refined SPb zone 18601 / parent 186,15.126191619547855,10.409555858864216,284.2344378546357,1.9992638504341589,2,mixed,0.4998159626085397
18700,187,NIR1 refined SPb zone 18700 / parent 187,15.499232986509275,1.3394376450215932,5393.518303621081,30.511098873343848,31,mixed,0.5001819487433418
18701,187,NIR1 refined SPb zone 18701 / parent 187,15.520116658014013,2.0352326370319354,5389.59435602561,30.488901126656152,30,mixed,0.49981805125665824
18800,188,NIR1 refined SPb zone 18800 / parent 188,15.549574647876216,2.730874897596892,38072.69328951129,387.1411077811394,387,mixed,0.5001823097947538
18801,188,NIR1 refined SPb zone 18801 / parent 188,15.570481938085388,3.4266741425511427,38044.93930955874,386.8588922188606,387,mixed,0.49981769020524625
18900,189,NIR1 refined SPb zone 18900 / parent 189,15.599942259228177,4.1223209600728,2068.142964282752,26.009498943190113,26,mixed,0.5001826719844252
18901,189,NIR1 refined SPb zone 18901 / parent 189,15.620873152520172,4.818124453359982,2066.632349059471,25.99050105680989,26,mixed,0.4998173280155748
19000,190,NIR1 refined SPb zone 19000 / parent 190,16.2024935112276,1.314263203736162,1840.6123572060305,0.5001820418356823,1,mixed,0.5001820418356823
19001,190,NIR1 refined SPb zone 19001 / parent 190,16.222941951771805,2.0100673671581317,1839.2725711911005,0.4998179581643177,1,mixed,0.4998179581643177
19100,191,NIR1 refined SPb zone 19100 / parent 191,16.25178574326278,2.7057252121286,2621.5650477639674,23.008390546275127,23,residential,0.500182403179894
19101,191,NIR1 refined SPb zone 19101 / parent 191,16.272257311116437,3.4015336731758437,2619.6530180805116,22.99160945372488,23,residential,0.49981759682010607
19200,192,NIR1 refined SPb zone 19200 / parent 192,16.301103387048176,4.097196107121417,1990.654282522434,5.5020104222881505,6,mixed,0.5001827656625591
19201,192,NIR1 refined SPb zone 19201 / parent 192,16.321598066915975,4.793008861159207,1989.1995212877505,5.49798957771185,5,mixed,0.4998172343374409
19300,193,NIR1 refined SPb zone 19300 / parent 193,16.905766403237156,1.289619076976087,1100.2606014332025,0.5001821349235085,1,mixed,0.5001821349235085
19301,193,NIR1 refined SPb zone 19301 / parent 193,16.92577961387769,1.9854322181062307,1099.4593097976583,0.4998178650764915,1,mixed,0.4998178650764915
19400,194,NIR1 refined SPb zone 19400 / parent 194,16.954009225723276,2.681105318350019,273.4461779197009,7.502737448415854,8,mixed,0.500182496561057
19401,194,NIR1 refined SPb zone 19401 / parent 194,16.974045072226566,3.376922800847096,273.2466388016885,7.497262551584145,7,mixed,0.499817503438943
19500,195,NIR1 refined SPb zone 19500 / parent 195,17.002276921563258,4.072600521412911,93.74539029041634,0.5001828593361256,1,mixed,0.5001828593361256
19501,195,NIR1 refined SPb zone 19501 / parent 195,17.022335388960272,4.768422340617748,93.67684647883475,0.49981714066387445,1,mixed,0.49981714066387445
19600,196,NIR1 refined SPb zone 19600 / parent 196,17.656244830876457,2.6570152064217254,1912.0084713052108,2.000730359751312,2,mixed,0.500182589937828
19601,196,NIR1 refined SPb zone 19601 / parent 196,17.67584495701561,3.3528415157599376,1910.6125270443536,1.999269640248688,2,mixed,0.499817410062172
